{"cameraMode":{"drawMode":0,"name":"Shaded","section":"Shading Mode"},"sceneLighting":false,"audioPlay":false,"sceneViewState":{"m_AlwaysRefresh":false,"showFog":true,"showSkybox":false,"showFlares":true,"showImageEffects":true,"showParticleSystems":true,"showVisualEffectGraphs":true,"m_FxEnabled":true},"in2DMode":false,"pivot":{"x":-0.39592814445495608,"y":-0.08868970721960068,"z":-0.06185436248779297},"rotation":{"x":0.015886887907981874,"y":0.034510690718889239,"z":-0.0006043211906217039,"w":0.9993650317192078},"size":1.6693203449249268,"orthographic":false}