{"cameraMode":{"drawMode":0,"name":"Shaded","section":"Shading Mode"},"sceneLighting":false,"audioPlay":false,"sceneViewState":{"m_AlwaysRefresh":false,"showFog":true,"showSkybox":false,"showFlares":true,"showImageEffects":true,"showParticleSystems":true,"showVisualEffectGraphs":true,"m_FxEnabled":true},"in2DMode":false,"pivot":{"x":-0.5476433634757996,"y":0.35497817397117617,"z":3.0234382152557375},"rotation":{"x":0.0006027312483638525,"y":-0.00059320597210899,"z":-1.2079777889084654e-7,"w":-1.0000073909759522},"size":3.2769322395324709,"orthographic":false}